1;Super Minds. Level 4. Workbook with Online Resources;1210.00;;701132.jpg;false;38
2;Super Minds. Workbook 2 with Online Resources;1200.00;;701128.jpg;true;38
3;Eyes Open. Level 3. Student's Book;1350.00;;700890.jpg;true;38
4;Advanced Grammar in Use. Book without Answers;1850.00;;700673.jpg;true;38
5;Английский на каждый день;670.00;;698477.jpg;true;17
6;English for Everyone. English Vocabulary Builder;1980.00;;715802.jpg;true;5
7;Cracking GMAT Premium 2020 Edition. 6 Practice Tests;3140.00;;724652.jpg;true;1
8;Учебник английского языка. Полный курс;1000.00;;729944.jpg;true;36
9;Английский без страха для тех, кому за...;290.00;;720888.jpg;true;17
10;Grammarway 2. Teacher's Book. Elementary;910.00;;702075.jpg;true;8
11;Tree or Three? An elementary pronunciation course;1870.00;;701141.jpg;true;38
12;Prism Reading. Intro. Student's Book;2930.00;;699858.jpg;true;38
13;Think. Level 3. B1+. Student's Book;1640.00;;701135.jpg;true;38
14;Учим английский язык с енотами-полиглотами;340.00;;724934.jpg;true;17
15;Super Minds. Workbook 1 with Online Resources;1230.00;;701125.jpg;true;38
16;Говори как английская королева. The Queen's English and how to use it;420.00;;699791.jpg;true;17
17;Dive in! Blue;630.00;;729198.jpg;true;6
18;Вся грамматика английского языка в таблицах. Учебное пособие;390.00;;716788.jpg;true;47
19;New Enterprise A2. Workbook with digibook app;1220.00;;701884.jpg;true;8
20;Eyes Open Level 1 Student's Book;1340.00;;700889.jpg;true;38
21;Английский язык. Популярный иллюстрированный самоучитель;400.00;;726891.jpg;true;17
22;Grammarway 1. Book with Answers. Beginner;1270.00;;702074.jpg;true;8
23;Business Vocabulary in Use. Advanced. Book with Answers;2220.00;;700674.jpg;true;38
24;Разговорный английский в диалогах. Учебное пособие;1140.00;;730838.jpg;true;2
25;Английский без барьеров. For beginners;420.00;;722958.jpg;true;44
26;Pocket English Grammar (Карманная грамматика английского языка). Справочное пособие;390.00;;690825.jpg;true;49
27;Evolve. Level 1. Student's Book;1840.00;;702640.jpg;false;38
28;Реальный English. Как подружиться с грамматикой раз и навсегда;690.00;;704508.jpg;true;29
29;English Vocabulary in Use. Advanced. Book with Answers;1860.00;;700703.jpg;false;38
30;Быстрый английский. Тренажер по чтению;240.00;;715170.jpg;true;17
31;Деловой английский язык. (Бакалавриат и магистратура). Учебное пособие;1080.00;;712853.jpg;true;2
32;Английский язык. Самые нужные правила;180.00;;729858.jpg;true;17
33;Legal English. Английский язык для юристов. Учебник;2720.00;;707289.jpg;true;49
34;OK English! Все правила английского языка с упражнениями;370.00;;694544.jpg;true;17
35;Dive in! Orange;650.00;;729200.jpg;true;6
36;Английская грамматика. Просто и понятно: правила, модели, упражнения. Учебное пособие;2060.00;;716808.jpg;true;50
37;Grammar in Use. Intermediate. Student's Book without Answers;1740.00;;700903.jpg;false;38
38;Современная английская грамматика в таблицах;340.00;;721525.jpg;true;9
39;Everyday Vocabulary + Grammar. For Intermediate Students. Учебное пособие;1180.00;;722745.jpg;true;24
40;English for Everyone. English Idioms;2290.00;;715801.jpg;true;5
41;Вся грамматика английского языка. Теория и практика;410.00;;724335.jpg;true;17
42;Говорим по-английски;220.00;;706297.jpg;true;32
43;Business Vocabulary in Use. Intermediate. Book with Answers and Enhanced ebook;2690.00;;700676.jpg;true;38
44;Безупречная английская грамматика. Простые правила и увлекательные тесты;720.00;;723769.jpg;true;17
45;Exam Booster For Advanced Without Ans Key + Audio;1300.00;;714676.jpg;true;38
46;Grammar in Use. Intermediate. Student's Book with Answers and Interactive eBook;2380.00;;700900.jpg;false;38
47;Английская грамматика в схемах и таблицах;170.00;;713804.jpg;true;17
48;Английский язык. Тренажер по чтению;170.00;;710082.jpg;true;17
49;Английский язык для технических специальностей. Учебное пособие;2550.00;;730048.jpg;false;49
50;Интенсивный английский 4 в 1: говорим, читаем, пишем, слушаем;1840.00;;716807.jpg;true;50
51;Английские пословицы и поговорки. Учебное пособие;260.00;;714143.jpg;false;47
52;Super Minds. Level 3. Workbook with Online Resources;1200.00;;701130.jpg;true;38
53;Английский язык. Времена глаголов;150.00;;710081.jpg;true;17
54;Английский курсив: прописи;300.00;;715875.jpg;false;3
55;Английский язык. Фразовые глаголы;160.00;;710083.jpg;true;17
56;English for Beginners: Everyday English;330.00;;693086.jpg;true;18
57;Курс английской разговорной речи. Учебное пособие;1790.00;;722820.jpg;true;50
58;New Enterprise A2 Student's Book with DigiBooks App;1650.00;;701882.jpg;true;8
59;Business Vocabulary in Use. Advanced. Book with Answers and Enhanced ebook;2840.00;;700675.jpg;true;38
60;Prepare. Level 2. Student's Book;1780.00;;701088.jpg;false;38
61;Your Space Level 2 Student's Book;1380.00;;701151.jpg;true;38
62;Вся английская грамматика в схемах и таблицах;370.00;;729025.jpg;false;17
63;Dive in! Green;640.00;;729199.jpg;false;6
64;English Grammar Today Book with Workbook;4110.00;;700707.jpg;false;38
65;Разговорная грамматика английского языка;360.00;;725306.jpg;true;17
66;Think. Level 3. B1+. Workbook with Online Practice;1140.00;;701138.jpg;true;38
67;Английский язык за 3 месяца. Быстрый восстановитель знаний;270.00;;714131.jpg;true;17
68;Prepare. Level 4. B1. Student's Book;1810.00;;701097.jpg;true;38
69;Английский язык. Идиомы (полезные карточки);140.00;;729857.jpg;true;17
70;Английский язык. Все времена и глаголы в схемах и таблицах;350.00;;729495.jpg;true;17
71;Английский с нуля. Учебное пособие;1840.00;;716806.jpg;true;50
72;English Vocabulary in Use. Elementary. Book with Answers and Enhanced eBook;2380.00;;700704.jpg;true;38
73;Каллиграфия. Английский курсив. Самоучитель;270.00;;721737.jpg;false;3
74;Ship or Sheep? An intermediate pronunciation course;2210.00;;701112.jpg;true;38
75;Eyes Open. Level 3. Workbook with Online Practice;1110.00;;700891.jpg;true;38
76;New Enterprise A2 - Grammar Book (with Digibooks App);1250.00;;701883.jpg;true;8
77;Cracking the GRE Premium Edition with 6 Practice Tests, 2020;3110.00;;730252.jpg;true;1
78;Prepare. Level 5. B1. Student's Book;1790.00;;701098.jpg;true;38
79;Английский язык для менеджеров. Учебное пособие;1280.00;;693032.jpg;true;50
80;Учебник английского языка. Ч17ь 2;690.00;;717996.jpg;true;36
81;Быстрый английский для начинающих;230.00;;714137.jpg;true;17
82;Prepare. Level 3. A2. Student's Book;1810.00;;701094.jpg;true;38
83;Тренажер по чтению. Самый быстрый способ выучить английский язык;120.00;;718058.jpg;false;17
84;English Vocabulary in Use. Upper-Intermediate. Book with Answers;1890.00;;700705.jpg;true;38
85;Professional English for PR Students: People and Society;780.00;;716803.jpg;true;50
86;Английский язык. Идиомы;130.00;;713805.jpg;true;17
87;Elementary Vocabulary + Grammar. Foe Beginners and Pre-Intermediate Students. Учебное пособие;960.00;;731489.jpg;false;24
88;Самый быстрый способ выучить неправильные английские глаголы;70.00;;718057.jpg;true;17
89;English Grammar in Use. Book without Answers;1760.00;;700691.jpg;false;38
90;Английская грамматика. Самое важное. Учебное пособие (мини);80.00;;726085.jpg;true;7
91;Grammar in Use Intermediate Student's Book with Answers Self-study Reference and Practice;1950.00;;700901.jpg;true;38
92;English Grammar in Use. Book with Answers;1950.00;;700689.jpg;true;38
93;Английский для малышей и мам @my_english_baby. Как воспитать билингвального ребенка;390.00;;718408.jpg;true;17
94;Грамматический профиль. Grammar Profile. Учебное пособие;450.00;;710904.jpg;false;47
95;Английский язык на пальцах;360.00;;712495.jpg;false;17
96;Prepare. Level 2. A2. Workbook with Audio Download;1340.00;;701093.jpg;true;38
97;Учебник английского языка. Ч17ь 1;710.00;;713136.jpg;true;36
98;Грамматика английского языка. Просто и доступно. Учебное пособие;450.00;;696499.jpg;false;47
99;Безупречный английский. Самоучитель для начинающих;680.00;;727495.jpg;true;17
100;Your Space. Level 1. Student's Book;1370.00;;701149.jpg;true;38
101;Учебник английского языка. Часть 1;1000.00;;;false;1
102;Учебник английского языка. Часть 2;1000.00;;;false;1